Type,Name,Request Count,Failure Count,Median Response Time,Average Response Time,Min Response Time,Max Response Time,Average Content Size,Requests/s,Failures/s,50%,66%,75%,80%,90%,95%,98%,99%,99.9%,99.99%,100%
GET,/analytics/revenue-trends,1046,0,16,31.992887090822247,5.12606499978574,294.33313900062785,2365.0,17.61864481349139,0.0,16,25,34,46,76,110,180,200,280,290,290
GET,/analytics/summary,1580,0,14,30.049216912018178,4.308479000428633,286.7613859998528,263.0,26.613249335866534,0.0,14,23,33,42,74,110,170,210,280,290,290
GET,/analytics/top-customers?limit=10,485,0,17,32.807201134040874,5.029736000324192,274.0598020000107,1211.00206185567,8.169256916389411,0.0,17,27,36,42,83,120,170,210,270,270,270
GET,/analytics/top-customers?limit=50,507,0,18,35.66187083434801,6.4177190006375895,271.64219800033607,5929.001972386588,8.539821147648313,0.0,18,27,42,52,84,130,190,240,270,270,270
,Aggregated,3618,0,16,31.767380785244058,4.308479000428633,294.33313900062785,1791.7827529021558,60.940972213395646,0.0,16,25,35,44,77,120,180,210,280,290,290
