Type,Name,Request Count,Failure Count,Median Response Time,Average Response Time,Min Response Time,Max Response Time,Average Content Size,Requests/s,Failures/s,50%,66%,75%,80%,90%,95%,98%,99%,99.9%,99.99%,100%
GET,/analytics/revenue-trends,993,0,29,44.25322724772414,5.849015000421787,387.32734599943797,2365.0010070493454,16.951299460986995,0.0,29,41,52,61,100,130,200,250,390,390,390
GET,/analytics/summary,1516,0,27,44.94648889513069,4.205897999781882,446.3631799990253,263.0032981530343,25.879325259674005,0.0,27,41,52,62,100,150,220,250,420,450,450
GET,/analytics/top-customers?limit=10,521,0,29,42.81211181001366,5.127367001477978,378.14743099988846,1211.0019193857966,8.893884208634669,0.0,29,43,54,61,83,130,170,230,380,380,380
GET,/analytics/top-customers?limit=50,510,0,31,54.615102607849444,6.351961001200834,478.50865200052795,5929.007843137255,8.706105463346796,0.0,31,47,59,73,140,180,250,370,480,480,480
,Aggregated,3540,0,28,45.83083175283285,4.205897999781882,478.50865200052795,1808.4420903954801,60.43061439264247,0.0,28,41,54,62,100,150,220,260,420,480,480
